feature,importance
recency_days,0.036278930336927286
total_spent_log,0.5850720011413233
avg_order_value,0.37864906852174934
